cluster,count,percent_of_total,phishing_percent_in_cluster,phishing_share_of_all_phishing
0,1577,14.265038444142922,43.75396322130628,14.087382605144958
1,1178,10.655811849841701,31.66383701188455,7.6153532053899555
2,8300,75.07914970601537,46.204819277108435,78.29726418946508
TOTAL,11055,100.0,,100.0
