cluster,count,percent_of_total,phishing_percent_in_cluster,phishing_share_of_all_phishing
0,9073,82.07146087743102,44.296263639369556,82.05389955083707
1,1982,17.928539122568974,44.349142280524724,17.946100449162923
TOTAL,11055,100.0,,100.0
