cluster,count,percent_of_total,phishing_percent_in_cluster,phishing_share_of_all_phishing
0,8442,76.36363636363636,46.043591565979625,79.35892200898326
1,1404,12.700135685210313,42.30769230769231,12.12739893834218
2,1209,10.936227951153324,34.49131513647643,8.513679052674561
TOTAL,11055,100.0,,100.0
