cluster,count,percent_of_total,phishing_percent_in_cluster,phishing_share_of_all_phishing
0,1506,13.622795115332428,44.754316069057104,13.760718660677828
1,1325,11.985526910900045,34.41509433962264,9.309922417313189
2,3599,32.555404794210766,12.225618227285358,8.98325847284606
3,1159,10.483943916779738,31.233822260569458,7.390771743568804
4,3466,31.352329262777022,85.57414887478362,60.55532870559412
TOTAL,11055,100.0,,100.0
